{
  "IsOk": true,
  "Code": 200,
  "Message": "string",
  "Data": [{
      "_id": "1",
      "Developer": "深圳筑星科技有限公司",
      "Description": "对模型一个模拟",
      "DisplayName": "4D模拟",
      "CreateDate": "2017-4-1 08:59:53"
    },
    {
      "_id": "2",
      "Developer": "深圳筑星科技有限公司",
      "Description": "对模型一个模拟",
      "DisplayName": "4D模拟11",
      "CreateDate": "2017-4-1 08:59:53"
    },
    {
      "_id": "3",
      "Developer": "深圳筑星科技有限公司",
      "Description": "对模型一个模拟",
      "DisplayName": "4D模拟33",
      "CreateDate": "2017-4-1 08:59:53"
    },
    {
      "_id": "4",
      "Developer": "深圳筑星科技有限公司",
      "Description": "对模型一个模拟",
      "DisplayName": "4D模拟444",
      "CreateDate": "2017-4-1 08:59:53"
    },
    {
      "_id": "5",
      "Developer": "深圳筑星科技有限公司",
      "Description": "对模型一个模拟",
      "DisplayName": "4D模拟55",
      "CreateDate": "2017-4-1 08:59:53"

    },
    {
      "_id": "6",
      "Developer": "深圳筑星科技有限公司",
      "Description": "对模型一个模拟",
      "DisplayName": "4D模拟66",
      "CreateDate": "2017-4-1 08:59:53"
    },
    {
      "_id": "7",
      "Developer": "深圳筑星科技有限公司",
      "Description": "对模型一个模拟",
      "DisplayName": "4D模拟6667",
      "CreateDate": "2017-4-1 08:59:53"
    },
    {
      "_id": "8",
      "Developer": "深圳筑星科技有限公司",
      "Description": "对模型一个模拟",
      "DisplayName": "4D模拟555",
      "CreateDate": "2017-4-1 08:59:53"
    },
    {
      "_id": "9",
      "Developer": "深圳筑星科技有限公司",
      "Description": "对模型一个模拟",
      "DisplayName": "4D模拟6668955",
      "CreateDate": "2017-4-1 08:59:53"
    }
  ]
}
